filepath,filename
/home/groups/dlmrimnd/akshit/data/combined-bids/sub-191MND/ses-01/anat/sub-191MND_ses-01_T1w.nii.gz,sub-191MND_ses-01
/home/groups/dlmrimnd/akshit/data/combined-bids/sub-237MND/ses-01/anat/sub-237MND_ses-01_T1w.nii.gz,sub-237MND_ses-01
/home/groups/dlmrimnd/akshit/data/combined-bids/sub-139MND/ses-01/anat/sub-139MND_ses-01_T1w.nii.gz,sub-139MND_ses-01
/home/groups/dlmrimnd/akshit/data/combined-bids/sub-004MND/ses-02/anat/sub-004MND_ses-02_T1w.nii.gz,sub-004MND_ses-02
/home/groups/dlmrimnd/akshit/data/combined-bids/sub-004MND/ses-01/anat/sub-004MND_ses-01_T1w.nii.gz,sub-004MND_ses-01
/home/groups/dlmrimnd/akshit/data/combined-bids/sub-218MND/ses-01/anat/sub-218MND_ses-01_T1w.nii.gz,sub-218MND_ses-01
/home/groups/dlmrimnd/akshit/data/combined-bids/sub-247MND/ses-01/anat/sub-247MND_ses-01_T1w.nii.gz,sub-247MND_ses-01
/home/groups/dlmrimnd/akshit/data/combined-bids/sub-074MND/ses-01/anat/sub-074MND_ses-01_T1w.nii.gz,sub-074MND_ses-01
/home/groups/dlmrimnd/akshit/data/combined-bids/sub-116MND/ses-01/anat/sub-116MND_ses-01_T1w.nii.gz,sub-116MND_ses-01
/home/groups/dlmrimnd/akshit/data/combined-bids/sub-063MND/ses-02/anat/sub-063MND_ses-02_T1w.nii.gz,sub-063MND_ses-02
/home/groups/dlmrimnd/akshit/data/combined-bids/sub-101MND/ses-01/anat/sub-101MND_ses-01_T1w.nii.gz,sub-101MND_ses-01
/home/groups/dlmrimnd/akshit/data/combined-bids/sub-250MND/ses-01/anat/sub-250MND_ses-01_T1w.nii.gz,sub-250MND_ses-01
/home/groups/dlmrimnd/akshit/data/combined-bids/sub-094MND/ses-01/anat/sub-094MND_ses-01_T1w.nii.gz,sub-094MND_ses-01
/home/groups/dlmrimnd/akshit/data/combined-bids/sub-013MND/ses-02/anat/sub-013MND_ses-02_T1w.nii.gz,sub-013MND_ses-02
/home/groups/dlmrimnd/akshit/data/combined-bids/sub-013MND/ses-01/anat/sub-013MND_ses-01_T1w.nii.gz,sub-013MND_ses-01
/home/groups/dlmrimnd/akshit/data/combined-bids/sub-171MND/ses-01/anat/sub-171MND_ses-01_T1w.nii.gz,sub-171MND_ses-01
/home/groups/dlmrimnd/akshit/data/combined-bids/sub-220MND/ses-01/anat/sub-220MND_ses-01_T1w.nii.gz,sub-220MND_ses-01
/home/groups/dlmrimnd/akshit/data/combined-bids/sub-186MND/ses-01/anat/sub-186MND_ses-01_T1w.nii.gz,sub-186MND_ses-01
/home/groups/dlmrimnd/akshit/data/combined-bids/sub-187MND/ses-01/anat/sub-187MND_ses-01_T1w.nii.gz,sub-187MND_ses-01
/home/groups/dlmrimnd/akshit/data/combined-bids/sub-221MND/ses-01/anat/sub-221MND_ses-01_T1w.nii.gz,sub-221MND_ses-01
/home/groups/dlmrimnd/akshit/data/combined-bids/sub-170MND/ses-01/anat/sub-170MND_ses-01_T1w.nii.gz,sub-170MND_ses-01
/home/groups/dlmrimnd/akshit/data/combined-bids/sub-012MND/ses-02/anat/sub-012MND_ses-02_T1w.nii.gz,sub-012MND_ses-02
/home/groups/dlmrimnd/akshit/data/combined-bids/sub-012MND/ses-01/anat/sub-012MND_ses-01_T1w.nii.gz,sub-012MND_ses-01
/home/groups/dlmrimnd/akshit/data/combined-bids/sub-251MND/ses-01/anat/sub-251MND_ses-01_T1w.nii.gz,sub-251MND_ses-01
/home/groups/dlmrimnd/akshit/data/combined-bids/sub-100MND/ses-01/anat/sub-100MND_ses-01_T1w.nii.gz,sub-100MND_ses-01
/home/groups/dlmrimnd/akshit/data/combined-bids/sub-062MND/ses-03/anat/sub-062MND_ses-03_T1w.nii.gz,sub-062MND_ses-03
/home/groups/dlmrimnd/akshit/data/combined-bids/sub-062MND/ses-01/anat/sub-062MND_ses-01_T1w.nii.gz,sub-062MND_ses-01
/home/groups/dlmrimnd/akshit/data/combined-bids/sub-117MND/ses-01/anat/sub-117MND_ses-01_T1w.nii.gz,sub-117MND_ses-01
/home/groups/dlmrimnd/akshit/data/combined-bids/sub-075MND/ses-01/anat/sub-075MND_ses-01_T1w.nii.gz,sub-075MND_ses-01
/home/groups/dlmrimnd/akshit/data/combined-bids/sub-246MND/ses-01/anat/sub-246MND_ses-01_T1w.nii.gz,sub-246MND_ses-01
/home/groups/dlmrimnd/akshit/data/combined-bids/sub-219MND/ses-01/anat/sub-219MND_ses-01_T1w.nii.gz,sub-219MND_ses-01
/home/groups/dlmrimnd/akshit/data/combined-bids/sub-167MND/ses-01/anat/sub-167MND_ses-01_T1w.nii.gz,sub-167MND_ses-01
/home/groups/dlmrimnd/akshit/data/combined-bids/sub-005MND/ses-01/anat/sub-005MND_ses-01_T1w.nii.gz,sub-005MND_ses-01
/home/groups/dlmrimnd/akshit/data/combined-bids/sub-005MND/ses-06/anat/sub-005MND_ses-06_T1w.nii.gz,sub-005MND_ses-06
/home/groups/dlmrimnd/akshit/data/combined-bids/sub-005MND/ses-08/anat/sub-005MND_ses-08_T1w.nii.gz,sub-005MND_ses-08
/home/groups/dlmrimnd/akshit/data/combined-bids/sub-005MND/ses-05/anat/sub-005MND_ses-05_T1w.nii.gz,sub-005MND_ses-05
/home/groups/dlmrimnd/akshit/data/combined-bids/sub-005MND/ses-07/anat/sub-005MND_ses-07_T1w.nii.gz,sub-005MND_ses-07
/home/groups/dlmrimnd/akshit/data/combined-bids/sub-005MND/ses-04/anat/sub-005MND_ses-04_T1w.nii.gz,sub-005MND_ses-04
/home/groups/dlmrimnd/akshit/data/combined-bids/sub-005MND/ses-09/anat/sub-005MND_ses-09_T1w.nii.gz,sub-005MND_ses-09
/home/groups/dlmrimnd/akshit/data/combined-bids/sub-138MND/ses-01/anat/sub-138MND_ses-01_T1w.nii.gz,sub-138MND_ses-01
/home/groups/dlmrimnd/akshit/data/combined-bids/sub-236MND/ses-01/anat/sub-236MND_ses-01_T1w.nii.gz,sub-236MND_ses-01
/home/groups/dlmrimnd/akshit/data/combined-bids/sub-190MND/ses-01/anat/sub-190MND_ses-01_T1w.nii.gz,sub-190MND_ses-01
/home/groups/dlmrimnd/akshit/data/combined-bids/sub-244MND/ses-01/anat/sub-244MND_ses-01_T1w.nii.gz,sub-244MND_ses-01
/home/groups/dlmrimnd/akshit/data/combined-bids/sub-028MND/ses-02/anat/sub-028MND_ses-02_T1w.nii.gz,sub-028MND_ses-02
/home/groups/dlmrimnd/akshit/data/combined-bids/sub-028MND/ses-01/anat/sub-028MND_ses-01_T1w.nii.gz,sub-028MND_ses-01
/home/groups/dlmrimnd/akshit/data/combined-bids/sub-077MND/ses-01/anat/sub-077MND_ses-01_T1w.nii.gz,sub-077MND_ses-01
/home/groups/dlmrimnd/akshit/data/combined-bids/sub-115MND/ses-01/anat/sub-115MND_ses-01_T1w.nii.gz,sub-115MND_ses-01
/home/groups/dlmrimnd/akshit/data/combined-bids/sub-192MND/ses-01/anat/sub-192MND_ses-01_T1w.nii.gz,sub-192MND_ses-01
/home/groups/dlmrimnd/akshit/data/combined-bids/sub-234MND/ses-01/anat/sub-234MND_ses-01_T1w.nii.gz,sub-234MND_ses-01
/home/groups/dlmrimnd/akshit/data/combined-bids/sub-058MND/ses-01/anat/sub-058MND_ses-01_T1w.nii.gz,sub-058MND_ses-01
/home/groups/dlmrimnd/akshit/data/combined-bids/sub-058MND/ses-02/anat/sub-058MND_ses-02_T1w.nii.gz,sub-058MND_ses-02
/home/groups/dlmrimnd/akshit/data/combined-bids/sub-007MND/ses-02/anat/sub-007MND_ses-02_T1w.nii.gz,sub-007MND_ses-02
/home/groups/dlmrimnd/akshit/data/combined-bids/sub-007MND/ses-01/anat/sub-007MND_ses-01_T1w.nii.gz,sub-007MND_ses-01
/home/groups/dlmrimnd/akshit/data/combined-bids/sub-007MND/ses-03/anat/sub-007MND_ses-03_T1w.nii.gz,sub-007MND_ses-03
/home/groups/dlmrimnd/akshit/data/combined-bids/sub-010MND/ses-01/anat/sub-010MND_ses-01_T1w.nii.gz,sub-010MND_ses-01
/home/groups/dlmrimnd/akshit/data/combined-bids/sub-010MND/ses-02/anat/sub-010MND_ses-02_T1w.nii.gz,sub-010MND_ses-02
/home/groups/dlmrimnd/akshit/data/combined-bids/sub-172MND/ses-01/anat/sub-172MND_ses-01_T1w.nii.gz,sub-172MND_ses-01
/home/groups/dlmrimnd/akshit/data/combined-bids/sub-223MND/ses-01/anat/sub-223MND_ses-01_T1w.nii.gz,sub-223MND_ses-01
/home/groups/dlmrimnd/akshit/data/combined-bids/sub-185MND/ses-01/anat/sub-185MND_ses-01_T1w.nii.gz,sub-185MND_ses-01
/home/groups/dlmrimnd/akshit/data/combined-bids/sub-060MND/ses-01/anat/sub-060MND_ses-01_T1w.nii.gz,sub-060MND_ses-01
/home/groups/dlmrimnd/akshit/data/combined-bids/sub-102MND/ses-01/anat/sub-102MND_ses-01_T1w.nii.gz,sub-102MND_ses-01
/home/groups/dlmrimnd/akshit/data/combined-bids/sub-253MND/ses-01/anat/sub-253MND_ses-01_T1w.nii.gz,sub-253MND_ses-01
/home/groups/dlmrimnd/akshit/data/combined-bids/sub-096MND/ses-01/anat/sub-096MND_ses-01_T1w.nii.gz,sub-096MND_ses-01
/home/groups/dlmrimnd/akshit/data/combined-bids/sub-252MND/ses-01/anat/sub-252MND_ses-01_T1w.nii.gz,sub-252MND_ses-01
/home/groups/dlmrimnd/akshit/data/combined-bids/sub-103MND/ses-01/anat/sub-103MND_ses-01_T1w.nii.gz,sub-103MND_ses-01
/home/groups/dlmrimnd/akshit/data/combined-bids/sub-061MND/ses-01/anat/sub-061MND_ses-01_T1w.nii.gz,sub-061MND_ses-01
/home/groups/dlmrimnd/akshit/data/combined-bids/sub-184MND/ses-01/anat/sub-184MND_ses-01_T1w.nii.gz,sub-184MND_ses-01
/home/groups/dlmrimnd/akshit/data/combined-bids/sub-222MND/ses-01/anat/sub-222MND_ses-01_T1w.nii.gz,sub-222MND_ses-01
/home/groups/dlmrimnd/akshit/data/combined-bids/sub-173MND/ses-01/anat/sub-173MND_ses-01_T1w.nii.gz,sub-173MND_ses-01
/home/groups/dlmrimnd/akshit/data/combined-bids/sub-011MND/ses-01/anat/sub-011MND_ses-01_T1w.nii.gz,sub-011MND_ses-01
/home/groups/dlmrimnd/akshit/data/combined-bids/sub-011MND/ses-02/anat/sub-011MND_ses-02_T1w.nii.gz,sub-011MND_ses-02
/home/groups/dlmrimnd/akshit/data/combined-bids/sub-164MND/ses-01/anat/sub-164MND_ses-01_T1w.nii.gz,sub-164MND_ses-01
/home/groups/dlmrimnd/akshit/data/combined-bids/sub-006MND/ses-02/anat/sub-006MND_ses-02_T1w.nii.gz,sub-006MND_ses-02
/home/groups/dlmrimnd/akshit/data/combined-bids/sub-006MND/ses-01/anat/sub-006MND_ses-01_T1w.nii.gz,sub-006MND_ses-01
/home/groups/dlmrimnd/akshit/data/combined-bids/sub-059MND/ses-01/anat/sub-059MND_ses-01_T1w.nii.gz,sub-059MND_ses-01
/home/groups/dlmrimnd/akshit/data/combined-bids/sub-059MND/ses-02/anat/sub-059MND_ses-02_T1w.nii.gz,sub-059MND_ses-02
/home/groups/dlmrimnd/akshit/data/combined-bids/sub-235MND/ses-01/anat/sub-235MND_ses-01_T1w.nii.gz,sub-235MND_ses-01
/home/groups/dlmrimnd/akshit/data/combined-bids/sub-193MND/ses-01/anat/sub-193MND_ses-01_T1w.nii.gz,sub-193MND_ses-01
/home/groups/dlmrimnd/akshit/data/combined-bids/sub-029MND/ses-03/anat/sub-029MND_ses-03_T1w.nii.gz,sub-029MND_ses-03
/home/groups/dlmrimnd/akshit/data/combined-bids/sub-029MND/ses-02/anat/sub-029MND_ses-02_T1w.nii.gz,sub-029MND_ses-02
/home/groups/dlmrimnd/akshit/data/combined-bids/sub-029MND/ses-01/anat/sub-029MND_ses-01_T1w.nii.gz,sub-029MND_ses-01
/home/groups/dlmrimnd/akshit/data/combined-bids/sub-245MND/ses-01/anat/sub-245MND_ses-01_T1w.nii.gz,sub-245MND_ses-01
/home/groups/dlmrimnd/akshit/data/combined-bids/sub-177MND/ses-01/anat/sub-177MND_ses-01_T1w.nii.gz,sub-177MND_ses-01
/home/groups/dlmrimnd/akshit/data/combined-bids/sub-015MND/ses-01/anat/sub-015MND_ses-01_T1w.nii.gz,sub-015MND_ses-01
/home/groups/dlmrimnd/akshit/data/combined-bids/sub-226MND/ses-01/anat/sub-226MND_ses-01_T1w.nii.gz,sub-226MND_ses-01
/home/groups/dlmrimnd/akshit/data/combined-bids/sub-158MND/ses-01/anat/sub-158MND_ses-01_T1w.nii.gz,sub-158MND_ses-01
/home/groups/dlmrimnd/akshit/data/combined-bids/sub-256MND/ses-01/anat/sub-256MND_ses-01_T1w.nii.gz,sub-256MND_ses-01
/home/groups/dlmrimnd/akshit/data/combined-bids/sub-209MND/ses-01/anat/sub-209MND_ses-01_T1w.nii.gz,sub-209MND_ses-01
/home/groups/dlmrimnd/akshit/data/combined-bids/sub-241MND/ses-01/anat/sub-241MND_ses-01_T1w.nii.gz,sub-241MND_ses-01
/home/groups/dlmrimnd/akshit/data/combined-bids/sub-072MND/ses-01/anat/sub-072MND_ses-01_T1w.nii.gz,sub-072MND_ses-01
/home/groups/dlmrimnd/akshit/data/combined-bids/sub-TEST/ses-04/anat/sub-TEST_ses-04_T1w.nii.gz,sub-TEST_ses-04
/home/groups/dlmrimnd/akshit/data/combined-bids/sub-197MND/ses-01/anat/sub-197MND_ses-01_T1w.nii.gz,sub-197MND_ses-01
/home/groups/dlmrimnd/akshit/data/combined-bids/sub-231MND/ses-01/anat/sub-231MND_ses-01_T1w.nii.gz,sub-231MND_ses-01
/home/groups/dlmrimnd/akshit/data/combined-bids/sub-160MND/ses-01/anat/sub-160MND_ses-01_T1w.nii.gz,sub-160MND_ses-01
/home/groups/dlmrimnd/akshit/data/combined-bids/sub-002MND/ses-01/anat/sub-002MND_ses-01_T1w.nii.gz,sub-002MND_ses-01
/home/groups/dlmrimnd/akshit/data/combined-bids/sub-002MND/ses-02/anat/sub-002MND_ses-02_T1w.nii.gz,sub-002MND_ses-02
/home/groups/dlmrimnd/akshit/data/combined-bids/sub-003MND/ses-02/anat/sub-003MND_ses-02_T1w.nii.gz,sub-003MND_ses-02
/home/groups/dlmrimnd/akshit/data/combined-bids/sub-003MND/ses-01/anat/sub-003MND_ses-01_T1w.nii.gz,sub-003MND_ses-01
/home/groups/dlmrimnd/akshit/data/combined-bids/sub-003MND/ses-03/anat/sub-003MND_ses-03_T1w.nii.gz,sub-003MND_ses-03
/home/groups/dlmrimnd/akshit/data/combined-bids/sub-003MND/ses-04/anat/sub-003MND_ses-04_T1w.nii.gz,sub-003MND_ses-04
/home/groups/dlmrimnd/akshit/data/combined-bids/sub-161MND/ses-01/anat/sub-161MND_ses-01_T1w.nii.gz,sub-161MND_ses-01
/home/groups/dlmrimnd/akshit/data/combined-bids/sub-230MND/ses-01/anat/sub-230MND_ses-01_T1w.nii.gz,sub-230MND_ses-01
/home/groups/dlmrimnd/akshit/data/combined-bids/sub-196MND/ses-01/anat/sub-196MND_ses-01_T1w.nii.gz,sub-196MND_ses-01
/home/groups/dlmrimnd/akshit/data/combined-bids/sub-073MND/ses-01/anat/sub-073MND_ses-01_T1w.nii.gz,sub-073MND_ses-01
/home/groups/dlmrimnd/akshit/data/combined-bids/sub-111MND/ses-01/anat/sub-111MND_ses-01_T1w.nii.gz,sub-111MND_ses-01
/home/groups/dlmrimnd/akshit/data/combined-bids/sub-240MND/ses-01/anat/sub-240MND_ses-01_T1w.nii.gz,sub-240MND_ses-01
/home/groups/dlmrimnd/akshit/data/combined-bids/sub-093MND/ses-01/anat/sub-093MND_ses-01_T1w.nii.gz,sub-093MND_ses-01
/home/groups/dlmrimnd/akshit/data/combined-bids/sub-208MND/ses-01/anat/sub-208MND_ses-01_T1w.nii.gz,sub-208MND_ses-01
/home/groups/dlmrimnd/akshit/data/combined-bids/sub-257MND/ses-01/anat/sub-257MND_ses-01_T1w.nii.gz,sub-257MND_ses-01
/home/groups/dlmrimnd/akshit/data/combined-bids/sub-106MND/ses-01/anat/sub-106MND_ses-01_T1w.nii.gz,sub-106MND_ses-01
/home/groups/dlmrimnd/akshit/data/combined-bids/sub-181MND/ses-01/anat/sub-181MND_ses-01_T1w.nii.gz,sub-181MND_ses-01
/home/groups/dlmrimnd/akshit/data/combined-bids/sub-227MND/ses-01/anat/sub-227MND_ses-01_T1w.nii.gz,sub-227MND_ses-01
/home/groups/dlmrimnd/akshit/data/combined-bids/sub-129MND/ses-01/anat/sub-129MND_ses-01_T1w.nii.gz,sub-129MND_ses-01
/home/groups/dlmrimnd/akshit/data/combined-bids/sub-014MND/ses-01/anat/sub-014MND_ses-01_T1w.nii.gz,sub-014MND_ses-01
/home/groups/dlmrimnd/akshit/data/combined-bids/sub-014MND/ses-02/anat/sub-014MND_ses-02_T1w.nii.gz,sub-014MND_ses-02
/home/groups/dlmrimnd/akshit/data/combined-bids/sub-014MND/ses-03/anat/sub-014MND_ses-03_T1w.nii.gz,sub-014MND_ses-03
/home/groups/dlmrimnd/akshit/data/combined-bids/sub-176MND/ses-01/anat/sub-176MND_ses-01_T1w.nii.gz,sub-176MND_ses-01
/home/groups/dlmrimnd/akshit/data/combined-bids/sub-104MND/ses-01/anat/sub-104MND_ses-01_T1w.nii.gz,sub-104MND_ses-01
/home/groups/dlmrimnd/akshit/data/combined-bids/sub-066MND/ses-01/anat/sub-066MND_ses-01_T1w.nii.gz,sub-066MND_ses-01
/home/groups/dlmrimnd/akshit/data/combined-bids/sub-039MND/ses-01/anat/sub-039MND_ses-01_T1w.nii.gz,sub-039MND_ses-01
/home/groups/dlmrimnd/akshit/data/combined-bids/sub-255MND/ses-01/anat/sub-255MND_ses-01_T1w.nii.gz,sub-255MND_ses-01
/home/groups/dlmrimnd/akshit/data/combined-bids/sub-174MND/ses-01/anat/sub-174MND_ses-01_T1w.nii.gz,sub-174MND_ses-01
/home/groups/dlmrimnd/akshit/data/combined-bids/sub-016MND/ses-01/anat/sub-016MND_ses-01_T1w.nii.gz,sub-016MND_ses-01
/home/groups/dlmrimnd/akshit/data/combined-bids/sub-016MND/ses-02/anat/sub-016MND_ses-02_T1w.nii.gz,sub-016MND_ses-02
/home/groups/dlmrimnd/akshit/data/combined-bids/sub-049MND/ses-03/anat/sub-049MND_ses-03_T1w.nii.gz,sub-049MND_ses-03
/home/groups/dlmrimnd/akshit/data/combined-bids/sub-049MND/ses-04/anat/sub-049MND_ses-04_T1w.nii.gz,sub-049MND_ses-04
/home/groups/dlmrimnd/akshit/data/combined-bids/sub-049MND/ses-02/anat/sub-049MND_ses-02_T1w.nii.gz,sub-049MND_ses-02
/home/groups/dlmrimnd/akshit/data/combined-bids/sub-049MND/ses-01/anat/sub-049MND_ses-01_T1w.nii.gz,sub-049MND_ses-01
/home/groups/dlmrimnd/akshit/data/combined-bids/sub-225MND/ses-01/anat/sub-225MND_ses-01_T1w.nii.gz,sub-225MND_ses-01
/home/groups/dlmrimnd/akshit/data/combined-bids/sub-183MND/ses-01/anat/sub-183MND_ses-01_T1w.nii.gz,sub-183MND_ses-01
/home/groups/dlmrimnd/akshit/data/combined-bids/sub-194MND/ses-01/anat/sub-194MND_ses-01_T1w.nii.gz,sub-194MND_ses-01
/home/groups/dlmrimnd/akshit/data/combined-bids/sub-232MND/ses-01/anat/sub-232MND_ses-01_T1w.nii.gz,sub-232MND_ses-01
/home/groups/dlmrimnd/akshit/data/combined-bids/sub-163MND/ses-01/anat/sub-163MND_ses-01_T1w.nii.gz,sub-163MND_ses-01
/home/groups/dlmrimnd/akshit/data/combined-bids/sub-242MND/ses-01/anat/sub-242MND_ses-01_T1w.nii.gz,sub-242MND_ses-01
/home/groups/dlmrimnd/akshit/data/combined-bids/sub-113MND/ses-01/anat/sub-113MND_ses-01_T1w.nii.gz,sub-113MND_ses-01
/home/groups/dlmrimnd/akshit/data/combined-bids/sub-071MND/ses-01/anat/sub-071MND_ses-01_T1w.nii.gz,sub-071MND_ses-01
/home/groups/dlmrimnd/akshit/data/combined-bids/sub-070MND/ses-01/anat/sub-070MND_ses-01_T1w.nii.gz,sub-070MND_ses-01
/home/groups/dlmrimnd/akshit/data/combined-bids/sub-243MND/ses-01/anat/sub-243MND_ses-01_T1w.nii.gz,sub-243MND_ses-01
/home/groups/dlmrimnd/akshit/data/combined-bids/sub-162MND/ses-01/anat/sub-162MND_ses-01_T1w.nii.gz,sub-162MND_ses-01
/home/groups/dlmrimnd/akshit/data/combined-bids/sub-233MND/ses-01/anat/sub-233MND_ses-01_T1w.nii.gz,sub-233MND_ses-01
/home/groups/dlmrimnd/akshit/data/combined-bids/sub-195MND/ses-01/anat/sub-195MND_ses-01_T1w.nii.gz,sub-195MND_ses-01
/home/groups/dlmrimnd/akshit/data/combined-bids/sub-182MND/ses-01/anat/sub-182MND_ses-01_T1w.nii.gz,sub-182MND_ses-01
/home/groups/dlmrimnd/akshit/data/combined-bids/sub-224MND/ses-01/anat/sub-224MND_ses-01_T1w.nii.gz,sub-224MND_ses-01
/home/groups/dlmrimnd/akshit/data/combined-bids/sub-017MND/ses-03/anat/sub-017MND_ses-03_T1w.nii.gz,sub-017MND_ses-03
/home/groups/dlmrimnd/akshit/data/combined-bids/sub-017MND/ses-04/anat/sub-017MND_ses-04_T1w.nii.gz,sub-017MND_ses-04
/home/groups/dlmrimnd/akshit/data/combined-bids/sub-017MND/ses-05/anat/sub-017MND_ses-05_T1w.nii.gz,sub-017MND_ses-05
/home/groups/dlmrimnd/akshit/data/combined-bids/sub-017MND/ses-02/anat/sub-017MND_ses-02_T1w.nii.gz,sub-017MND_ses-02
/home/groups/dlmrimnd/akshit/data/combined-bids/sub-017MND/ses-01/anat/sub-017MND_ses-01_T1w.nii.gz,sub-017MND_ses-01
/home/groups/dlmrimnd/akshit/data/combined-bids/sub-175MND/ses-01/anat/sub-175MND_ses-01_T1w.nii.gz,sub-175MND_ses-01
/home/groups/dlmrimnd/akshit/data/combined-bids/sub-254MND/ses-01/anat/sub-254MND_ses-01_T1w.nii.gz,sub-254MND_ses-01
/home/groups/dlmrimnd/akshit/data/combined-bids/sub-038MND/ses-01/anat/sub-038MND_ses-01_T1w.nii.gz,sub-038MND_ses-01
/home/groups/dlmrimnd/akshit/data/combined-bids/sub-067MND/ses-01/anat/sub-067MND_ses-01_T1w.nii.gz,sub-067MND_ses-01
/home/groups/dlmrimnd/akshit/data/combined-bids/sub-026MND/ses-02/anat/sub-026MND_ses-02_T1w.nii.gz,sub-026MND_ses-02
/home/groups/dlmrimnd/akshit/data/combined-bids/sub-026MND/ses-01/anat/sub-026MND_ses-01_T1w.nii.gz,sub-026MND_ses-01
/home/groups/dlmrimnd/akshit/data/combined-bids/sub-144MND/ses-01/anat/sub-144MND_ses-01_T1w.nii.gz,sub-144MND_ses-01
/home/groups/dlmrimnd/akshit/data/combined-bids/sub-215MND/ses-01/anat/sub-215MND_ses-01_T1w.nii.gz,sub-215MND_ses-01
/home/groups/dlmrimnd/akshit/data/combined-bids/sub-056MND/ses-02/anat/sub-056MND_ses-02_T1w.nii.gz,sub-056MND_ses-02
/home/groups/dlmrimnd/akshit/data/combined-bids/sub-056MND/ses-01/anat/sub-056MND_ses-01_T1w.nii.gz,sub-056MND_ses-01
/home/groups/dlmrimnd/akshit/data/combined-bids/sub-009MND/ses-01/anat/sub-009MND_ses-01_T1w.nii.gz,sub-009MND_ses-01
/home/groups/dlmrimnd/akshit/data/combined-bids/sub-009MND/ses-02/anat/sub-009MND_ses-02_T1w.nii.gz,sub-009MND_ses-02
/home/groups/dlmrimnd/akshit/data/combined-bids/sub-265MND/ses-01/anat/sub-265MND_ses-01_T1w.nii.gz,sub-265MND_ses-01
/home/groups/dlmrimnd/akshit/data/combined-bids/sub-123MND/ses-01/anat/sub-123MND_ses-01_T1w.nii.gz,sub-123MND_ses-01
/home/groups/dlmrimnd/akshit/data/combined-bids/sub-202MND/ses-01/anat/sub-202MND_ses-01_T1w.nii.gz,sub-202MND_ses-01
/home/groups/dlmrimnd/akshit/data/combined-bids/sub-031MND/ses-02/anat/sub-031MND_ses-02_T1w.nii.gz,sub-031MND_ses-02
/home/groups/dlmrimnd/akshit/data/combined-bids/sub-031MND/ses-01/anat/sub-031MND_ses-01_T1w.nii.gz,sub-031MND_ses-01
/home/groups/dlmrimnd/akshit/data/combined-bids/sub-153MND/ses-01/anat/sub-153MND_ses-01_T1w.nii.gz,sub-153MND_ses-01
/home/groups/dlmrimnd/akshit/data/combined-bids/sub-152MND/ses-01/anat/sub-152MND_ses-01_T1w.nii.gz,sub-152MND_ses-01
/home/groups/dlmrimnd/akshit/data/combined-bids/sub-030MND/ses-01/anat/sub-030MND_ses-01_T1w.nii.gz,sub-030MND_ses-01
/home/groups/dlmrimnd/akshit/data/combined-bids/sub-203MND/ses-01/anat/sub-203MND_ses-01_T1w.nii.gz,sub-203MND_ses-01
/home/groups/dlmrimnd/akshit/data/combined-bids/sub-098MND/ses-01/anat/sub-098MND_ses-01_T1w.nii.gz,sub-098MND_ses-01
/home/groups/dlmrimnd/akshit/data/combined-bids/sub-122MND/ses-01/anat/sub-122MND_ses-01_T1w.nii.gz,sub-122MND_ses-01
/home/groups/dlmrimnd/akshit/data/combined-bids/sub-040MND/ses-04/anat/sub-040MND_ses-04_T1w.nii.gz,sub-040MND_ses-04
/home/groups/dlmrimnd/akshit/data/combined-bids/sub-040MND/ses-02/anat/sub-040MND_ses-02_T1w.nii.gz,sub-040MND_ses-02
/home/groups/dlmrimnd/akshit/data/combined-bids/sub-040MND/ses-01/anat/sub-040MND_ses-01_T1w.nii.gz,sub-040MND_ses-01
/home/groups/dlmrimnd/akshit/data/combined-bids/sub-264MND/ses-01/anat/sub-264MND_ses-01_T1w.nii.gz,sub-264MND_ses-01
/home/groups/dlmrimnd/akshit/data/combined-bids/sub-008MND/ses-01/anat/sub-008MND_ses-01_T1w.nii.gz,sub-008MND_ses-01
/home/groups/dlmrimnd/akshit/data/combined-bids/sub-008MND/ses-02/anat/sub-008MND_ses-02_T1w.nii.gz,sub-008MND_ses-02
/home/groups/dlmrimnd/akshit/data/combined-bids/sub-057MND/ses-02/anat/sub-057MND_ses-02_T1w.nii.gz,sub-057MND_ses-02
/home/groups/dlmrimnd/akshit/data/combined-bids/sub-057MND/ses-01/anat/sub-057MND_ses-01_T1w.nii.gz,sub-057MND_ses-01
/home/groups/dlmrimnd/akshit/data/combined-bids/sub-214MND/ses-01/anat/sub-214MND_ses-01_T1w.nii.gz,sub-214MND_ses-01
/home/groups/dlmrimnd/akshit/data/combined-bids/sub-078MND/ses-01/anat/sub-078MND_ses-01_T1w.nii.gz,sub-078MND_ses-01
/home/groups/dlmrimnd/akshit/data/combined-bids/sub-145MND/ses-01/anat/sub-145MND_ses-01_T1w.nii.gz,sub-145MND_ses-01
/home/groups/dlmrimnd/akshit/data/combined-bids/sub-027MND/ses-01/anat/sub-027MND_ses-01_T1w.nii.gz,sub-027MND_ses-01
/home/groups/dlmrimnd/akshit/data/combined-bids/sub-055MND/ses-01/anat/sub-055MND_ses-01_T1w.nii.gz,sub-055MND_ses-01
/home/groups/dlmrimnd/akshit/data/combined-bids/sub-239MND/ses-01/anat/sub-239MND_ses-01_T1w.nii.gz,sub-239MND_ses-01
/home/groups/dlmrimnd/akshit/data/combined-bids/sub-147MND/ses-01/anat/sub-147MND_ses-01_T1w.nii.gz,sub-147MND_ses-01
/home/groups/dlmrimnd/akshit/data/combined-bids/sub-216MND/ses-01/anat/sub-216MND_ses-01_T1w.nii.gz,sub-216MND_ses-01
/home/groups/dlmrimnd/akshit/data/combined-bids/sub-249MND/ses-01/anat/sub-249MND_ses-01_T1w.nii.gz,sub-249MND_ses-01
/home/groups/dlmrimnd/akshit/data/combined-bids/sub-201MND/ses-01/anat/sub-201MND_ses-01_T1w.nii.gz,sub-201MND_ses-01
/home/groups/dlmrimnd/akshit/data/combined-bids/sub-032MND/ses-01/anat/sub-032MND_ses-01_T1w.nii.gz,sub-032MND_ses-01
/home/groups/dlmrimnd/akshit/data/combined-bids/sub-032MND/ses-02/anat/sub-032MND_ses-02_T1w.nii.gz,sub-032MND_ses-02
/home/groups/dlmrimnd/akshit/data/combined-bids/sub-150MND/ses-01/anat/sub-150MND_ses-01_T1w.nii.gz,sub-150MND_ses-01
/home/groups/dlmrimnd/akshit/data/combined-bids/sub-188MND/ses-01/anat/sub-188MND_ses-01_T1w.nii.gz,sub-188MND_ses-01
/home/groups/dlmrimnd/akshit/data/combined-bids/sub-042MND/ses-01/anat/sub-042MND_ses-01_T1w.nii.gz,sub-042MND_ses-01
/home/groups/dlmrimnd/akshit/data/combined-bids/sub-120MND/ses-01/anat/sub-120MND_ses-01_T1w.nii.gz,sub-120MND_ses-01
/home/groups/dlmrimnd/akshit/data/combined-bids/sub-043MND/ses-04/anat/sub-043MND_ses-04_T1w.nii.gz,sub-043MND_ses-04
/home/groups/dlmrimnd/akshit/data/combined-bids/sub-043MND/ses-02/anat/sub-043MND_ses-02_T1w.nii.gz,sub-043MND_ses-02
/home/groups/dlmrimnd/akshit/data/combined-bids/sub-043MND/ses-01/anat/sub-043MND_ses-01_T1w.nii.gz,sub-043MND_ses-01
/home/groups/dlmrimnd/akshit/data/combined-bids/sub-189MND/ses-01/anat/sub-189MND_ses-01_T1w.nii.gz,sub-189MND_ses-01
/home/groups/dlmrimnd/akshit/data/combined-bids/sub-200MND/ses-01/anat/sub-200MND_ses-01_T1w.nii.gz,sub-200MND_ses-01
/home/groups/dlmrimnd/akshit/data/combined-bids/sub-248MND/ses-01/anat/sub-248MND_ses-01_T1w.nii.gz,sub-248MND_ses-01
/home/groups/dlmrimnd/akshit/data/combined-bids/sub-217MND/ses-01/anat/sub-217MND_ses-01_T1w.nii.gz,sub-217MND_ses-01
/home/groups/dlmrimnd/akshit/data/combined-bids/sub-119MND/ses-01/anat/sub-119MND_ses-01_T1w.nii.gz,sub-119MND_ses-01
/home/groups/dlmrimnd/akshit/data/combined-bids/sub-146MND/ses-01/anat/sub-146MND_ses-01_T1w.nii.gz,sub-146MND_ses-01
/home/groups/dlmrimnd/akshit/data/combined-bids/sub-024MND/ses-02/anat/sub-024MND_ses-02_T1w.nii.gz,sub-024MND_ses-02
/home/groups/dlmrimnd/akshit/data/combined-bids/sub-024MND/ses-05/anat/sub-024MND_ses-05_T1w.nii.gz,sub-024MND_ses-05
/home/groups/dlmrimnd/akshit/data/combined-bids/sub-024MND/ses-01/anat/sub-024MND_ses-01_T1w.nii.gz,sub-024MND_ses-01
/home/groups/dlmrimnd/akshit/data/combined-bids/sub-024MND/ses-06/anat/sub-024MND_ses-06_T1w.nii.gz,sub-024MND_ses-06
/home/groups/dlmrimnd/akshit/data/combined-bids/sub-024MND/ses-04/anat/sub-024MND_ses-04_T1w.nii.gz,sub-024MND_ses-04
/home/groups/dlmrimnd/akshit/data/combined-bids/sub-024MND/ses-03/anat/sub-024MND_ses-03_T1w.nii.gz,sub-024MND_ses-03
/home/groups/dlmrimnd/akshit/data/combined-bids/sub-238MND/ses-01/anat/sub-238MND_ses-01_T1w.nii.gz,sub-238MND_ses-01
/home/groups/dlmrimnd/akshit/data/combined-bids/sub-169MND/ses-01/anat/sub-169MND_ses-01_T1w.nii.gz,sub-169MND_ses-01
/home/groups/dlmrimnd/akshit/data/combined-bids/sub-136MND/ses-01/anat/sub-136MND_ses-01_T1w.nii.gz,sub-136MND_ses-01
/home/groups/dlmrimnd/akshit/data/combined-bids/sub-054MND/ses-01/anat/sub-054MND_ses-01_T1w.nii.gz,sub-054MND_ses-01
/home/groups/dlmrimnd/akshit/data/combined-bids/sub-054MND/ses-02/anat/sub-054MND_ses-02_T1w.nii.gz,sub-054MND_ses-02
/home/groups/dlmrimnd/akshit/data/combined-bids/sub-204MND/ses-01/anat/sub-204MND_ses-01_T1w.nii.gz,sub-204MND_ses-01
/home/groups/dlmrimnd/akshit/data/combined-bids/sub-068MND/ses-01/anat/sub-068MND_ses-01_T1w.nii.gz,sub-068MND_ses-01
/home/groups/dlmrimnd/akshit/data/combined-bids/sub-155MND/ses-01/anat/sub-155MND_ses-01_T1w.nii.gz,sub-155MND_ses-01
/home/groups/dlmrimnd/akshit/data/combined-bids/sub-037MND/ses-01/anat/sub-037MND_ses-01_T1w.nii.gz,sub-037MND_ses-01
/home/groups/dlmrimnd/akshit/data/combined-bids/sub-018MND/ses-01/anat/sub-018MND_ses-01_T1w.nii.gz,sub-018MND_ses-01
/home/groups/dlmrimnd/akshit/data/combined-bids/sub-018MND/ses-02/anat/sub-018MND_ses-02_T1w.nii.gz,sub-018MND_ses-02
/home/groups/dlmrimnd/akshit/data/combined-bids/sub-125MND/ses-01/anat/sub-125MND_ses-01_T1w.nii.gz,sub-125MND_ses-01
/home/groups/dlmrimnd/akshit/data/combined-bids/sub-050MND/ses-01/anat/sub-050MND_ses-01_T1w.nii.gz,sub-050MND_ses-01
/home/groups/dlmrimnd/akshit/data/combined-bids/sub-263MND/ses-01/anat/sub-263MND_ses-01_T1w.nii.gz,sub-263MND_ses-01
/home/groups/dlmrimnd/akshit/data/combined-bids/sub-020MND/ses-02/anat/sub-020MND_ses-02_T1w.nii.gz,sub-020MND_ses-02
/home/groups/dlmrimnd/akshit/data/combined-bids/sub-020MND/ses-01/anat/sub-020MND_ses-01_T1w.nii.gz,sub-020MND_ses-01
/home/groups/dlmrimnd/akshit/data/combined-bids/sub-213MND/ses-01/anat/sub-213MND_ses-01_T1w.nii.gz,sub-213MND_ses-01
/home/groups/dlmrimnd/akshit/data/combined-bids/sub-212MND/ses-01/anat/sub-212MND_ses-01_T1w.nii.gz,sub-212MND_ses-01
/home/groups/dlmrimnd/akshit/data/combined-bids/sub-021MND/ses-06/anat/sub-021MND_ses-06_T1w.nii.gz,sub-021MND_ses-06
/home/groups/dlmrimnd/akshit/data/combined-bids/sub-021MND/ses-01/anat/sub-021MND_ses-01_T1w.nii.gz,sub-021MND_ses-01
/home/groups/dlmrimnd/akshit/data/combined-bids/sub-021MND/ses-05/anat/sub-021MND_ses-05_T1w.nii.gz,sub-021MND_ses-05
/home/groups/dlmrimnd/akshit/data/combined-bids/sub-021MND/ses-02/anat/sub-021MND_ses-02_T1w.nii.gz,sub-021MND_ses-02
/home/groups/dlmrimnd/akshit/data/combined-bids/sub-021MND/ses-03/anat/sub-021MND_ses-03_T1w.nii.gz,sub-021MND_ses-03
/home/groups/dlmrimnd/akshit/data/combined-bids/sub-021MND/ses-04/anat/sub-021MND_ses-04_T1w.nii.gz,sub-021MND_ses-04
/home/groups/dlmrimnd/akshit/data/combined-bids/sub-262MND/ses-01/anat/sub-262MND_ses-01_T1w.nii.gz,sub-262MND_ses-01
/home/groups/dlmrimnd/akshit/data/combined-bids/sub-051MND/ses-01/anat/sub-051MND_ses-01_T1w.nii.gz,sub-051MND_ses-01
/home/groups/dlmrimnd/akshit/data/combined-bids/sub-133MND/ses-01/anat/sub-133MND_ses-01_T1w.nii.gz,sub-133MND_ses-01
/home/groups/dlmrimnd/akshit/data/combined-bids/sub-019MND/ses-02/anat/sub-019MND_ses-02_T1w.nii.gz,sub-019MND_ses-02
/home/groups/dlmrimnd/akshit/data/combined-bids/sub-019MND/ses-01/anat/sub-019MND_ses-01_T1w.nii.gz,sub-019MND_ses-01
/home/groups/dlmrimnd/akshit/data/combined-bids/sub-036MND/ses-01/anat/sub-036MND_ses-01_T1w.nii.gz,sub-036MND_ses-01
/home/groups/dlmrimnd/akshit/data/combined-bids/sub-154MND/ses-01/anat/sub-154MND_ses-01_T1w.nii.gz,sub-154MND_ses-01
/home/groups/dlmrimnd/akshit/data/combined-bids/sub-069MND/ses-01/anat/sub-069MND_ses-01_T1w.nii.gz,sub-069MND_ses-01
/home/groups/dlmrimnd/akshit/data/combined-bids/sub-205MND/ses-01/anat/sub-205MND_ses-01_T1w.nii.gz,sub-205MND_ses-01
/home/groups/dlmrimnd/akshit/data/combined-bids/sub-228MND/ses-01/anat/sub-228MND_ses-01_T1w.nii.gz,sub-228MND_ses-01
/home/groups/dlmrimnd/akshit/data/combined-bids/sub-179MND/ses-01/anat/sub-179MND_ses-01_T1w.nii.gz,sub-179MND_ses-01
/home/groups/dlmrimnd/akshit/data/combined-bids/sub-126MND/ses-01/anat/sub-126MND_ses-01_T1w.nii.gz,sub-126MND_ses-01
/home/groups/dlmrimnd/akshit/data/combined-bids/sub-044MND/ses-01/anat/sub-044MND_ses-01_T1w.nii.gz,sub-044MND_ses-01
/home/groups/dlmrimnd/akshit/data/combined-bids/sub-044MND/ses-02/anat/sub-044MND_ses-02_T1w.nii.gz,sub-044MND_ses-02
/home/groups/dlmrimnd/akshit/data/combined-bids/sub-258MND/ses-01/anat/sub-258MND_ses-01_T1w.nii.gz,sub-258MND_ses-01
/home/groups/dlmrimnd/akshit/data/combined-bids/sub-207MND/ses-01/anat/sub-207MND_ses-01_T1w.nii.gz,sub-207MND_ses-01
/home/groups/dlmrimnd/akshit/data/combined-bids/sub-156MND/ses-01/anat/sub-156MND_ses-01_T1w.nii.gz,sub-156MND_ses-01
/home/groups/dlmrimnd/akshit/data/combined-bids/sub-034MND/ses-02/anat/sub-034MND_ses-02_T1w.nii.gz,sub-034MND_ses-02
/home/groups/dlmrimnd/akshit/data/combined-bids/sub-034MND/ses-01/anat/sub-034MND_ses-01_T1w.nii.gz,sub-034MND_ses-01
/home/groups/dlmrimnd/akshit/data/combined-bids/sub-034MND/ses-03/anat/sub-034MND_ses-03_T1w.nii.gz,sub-034MND_ses-03
/home/groups/dlmrimnd/akshit/data/combined-bids/sub-023MND/ses-04/anat/sub-023MND_ses-04_T1w.nii.gz,sub-023MND_ses-04
/home/groups/dlmrimnd/akshit/data/combined-bids/sub-023MND/ses-01/anat/sub-023MND_ses-01_T1w.nii.gz,sub-023MND_ses-01
/home/groups/dlmrimnd/akshit/data/combined-bids/sub-023MND/ses-02/anat/sub-023MND_ses-02_T1w.nii.gz,sub-023MND_ses-02
/home/groups/dlmrimnd/akshit/data/combined-bids/sub-210MND/ses-01/anat/sub-210MND_ses-01_T1w.nii.gz,sub-210MND_ses-01
/home/groups/dlmrimnd/akshit/data/combined-bids/sub-131MND/ses-01/anat/sub-131MND_ses-01_T1w.nii.gz,sub-131MND_ses-01
/home/groups/dlmrimnd/akshit/data/combined-bids/sub-053MND/ses-01/anat/sub-053MND_ses-01_T1w.nii.gz,sub-053MND_ses-01
/home/groups/dlmrimnd/akshit/data/combined-bids/sub-199MND/ses-01/anat/sub-199MND_ses-01_T1w.nii.gz,sub-199MND_ses-01
/home/groups/dlmrimnd/akshit/data/combined-bids/sub-260MND/ses-01/anat/sub-260MND_ses-01_T1w.nii.gz,sub-260MND_ses-01
/home/groups/dlmrimnd/akshit/data/combined-bids/sub-261MND/ses-01/anat/sub-261MND_ses-01_T1w.nii.gz,sub-261MND_ses-01
/home/groups/dlmrimnd/akshit/data/combined-bids/sub-198MND/ses-01/anat/sub-198MND_ses-01_T1w.nii.gz,sub-198MND_ses-01
/home/groups/dlmrimnd/akshit/data/combined-bids/sub-052MND/ses-03/anat/sub-052MND_ses-03_T1w.nii.gz,sub-052MND_ses-03
/home/groups/dlmrimnd/akshit/data/combined-bids/sub-052MND/ses-01/anat/sub-052MND_ses-01_T1w.nii.gz,sub-052MND_ses-01
/home/groups/dlmrimnd/akshit/data/combined-bids/sub-130MND/ses-01/anat/sub-130MND_ses-01_T1w.nii.gz,sub-130MND_ses-01
/home/groups/dlmrimnd/akshit/data/combined-bids/sub-211MND/ses-01/anat/sub-211MND_ses-01_T1w.nii.gz,sub-211MND_ses-01
/home/groups/dlmrimnd/akshit/data/combined-bids/sub-022MND/ses-01/anat/sub-022MND_ses-01_T1w.nii.gz,sub-022MND_ses-01
/home/groups/dlmrimnd/akshit/data/combined-bids/sub-022MND/ses-02/anat/sub-022MND_ses-02_T1w.nii.gz,sub-022MND_ses-02
/home/groups/dlmrimnd/akshit/data/combined-bids/sub-022MND/ses-03/anat/sub-022MND_ses-03_T1w.nii.gz,sub-022MND_ses-03
/home/groups/dlmrimnd/akshit/data/combined-bids/sub-140MND/ses-01/anat/sub-140MND_ses-01_T1w.nii.gz,sub-140MND_ses-01
/home/groups/dlmrimnd/akshit/data/combined-bids/sub-035MND/ses-02/anat/sub-035MND_ses-02_T1w.nii.gz,sub-035MND_ses-02
/home/groups/dlmrimnd/akshit/data/combined-bids/sub-157MND/ses-01/anat/sub-157MND_ses-01_T1w.nii.gz,sub-157MND_ses-01
/home/groups/dlmrimnd/akshit/data/combined-bids/sub-108MND/ses-01/anat/sub-108MND_ses-01_T1w.nii.gz,sub-108MND_ses-01
/home/groups/dlmrimnd/akshit/data/combined-bids/sub-206MND/ses-01/anat/sub-206MND_ses-01_T1w.nii.gz,sub-206MND_ses-01
/home/groups/dlmrimnd/akshit/data/combined-bids/sub-045MND/ses-01/anat/sub-045MND_ses-01_T1w.nii.gz,sub-045MND_ses-01
/home/groups/dlmrimnd/akshit/data/combined-bids/sub-127MND/ses-01/anat/sub-127MND_ses-01_T1w.nii.gz,sub-127MND_ses-01
/home/groups/dlmrimnd/akshit/data/combined-bids/sub-178MND/ses-01/anat/sub-178MND_ses-01_T1w.nii.gz,sub-178MND_ses-01
/home/groups/dlmrimnd/akshit/data/combined-bids/sub-229MND/ses-01/anat/sub-229MND_ses-01_T1w.nii.gz,sub-229MND_ses-01
